<?xml version="1.0" encoding="UTF-8"?>
<metadata xml:lang="en"><Esri><CreaDate>20200604</CreaDate><CreaTime>11134400</CreaTime><ArcGISFormat>1.0</ArcGISFormat><SyncOnce>TRUE</SyncOnce><DataProperties><lineage><Process ToolSource="c:\users\free\appdata\local\programs\arcgis\pro\Resources\ArcToolbox\toolboxes\Data Management Tools.tbx\AddFields" Date="20200604" Time="111344">AddFields "C:\Users\free\Dropbox (MPAMystery)\RICOTTA_GIS\oceans_program\dom\fiji_report\gis_r\gsr.shp" "POLY_AREA DOUBLE # # # #"</Process><Process Name="Add Geometry Attributes" ToolSource="c:\users\free\appdata\local\programs\arcgis\pro\Resources\ArcToolbox\toolboxes\Data Management Tools.tbx\AddGeometryAttributes" Date="20200604" Time="111410">AddGeometryAttributes "C:\Users\free\Dropbox (MPAMystery)\RICOTTA_GIS\oceans_program\dom\fiji_report\gis_r\gsr.shp" AREA # Hectares PROJCS['WGS_1984_UTM_Zone_60S',GEOGCS['GCS_WGS_1984',DATUM['D_WGS_1984',SPHEROID['WGS_1984',6378137.0,298.257223563]],PRIMEM['Greenwich',0.0],UNIT['Degree',0.0174532925199433]],PROJECTION['Transverse_Mercator'],PARAMETER['False_Easting',500000.0],PARAMETER['False_Northing',10000000.0],PARAMETER['Central_Meridian',177.0],PARAMETER['Scale_Factor',0.9996],PARAMETER['Latitude_Of_Origin',0.0],UNIT['Meter',1.0]]</Process><Process Name="Add Geometry Attributes" ToolSource="c:\users\free\appdata\local\programs\arcgis\pro\Resources\ArcToolbox\toolboxes\Data Management Tools.tbx\AddGeometryAttributes" Date="20200604" Time="113219">AddGeometryAttributes "C:\Users\free\Dropbox (MPAMystery)\RICOTTA_GIS\oceans_program\dom\fiji_report\gis_r\gsr.shp" AREA # Hectares PROJCS['WGS_1984_UTM_Zone_60S',GEOGCS['GCS_WGS_1984',DATUM['D_WGS_1984',SPHEROID['WGS_1984',6378137.0,298.257223563]],PRIMEM['Greenwich',0.0],UNIT['Degree',0.0174532925199433]],PROJECTION['Transverse_Mercator'],PARAMETER['False_Easting',500000.0],PARAMETER['False_Northing',10000000.0],PARAMETER['Central_Meridian',177.0],PARAMETER['Scale_Factor',0.9996],PARAMETER['Latitude_Of_Origin',0.0],UNIT['Meter',1.0]]</Process><Process ToolSource="c:\users\free\appdata\local\programs\arcgis\pro\Resources\ArcToolbox\toolboxes\Data Management Tools.tbx\CalculateGeometryAttributes" Date="20200604" Time="120354">CalculateGeometryAttributes gsr "POLY_AREA AREA" # Hectares PROJCS['WGS_1984_UTM_Zone_60S',GEOGCS['GCS_WGS_1984',DATUM['D_WGS_1984',SPHEROID['WGS_1984',6378137.0,298.257223563]],PRIMEM['Greenwich',0.0],UNIT['Degree',0.0174532925199433]],PROJECTION['Transverse_Mercator'],PARAMETER['False_Easting',500000.0],PARAMETER['False_Northing',10000000.0],PARAMETER['Central_Meridian',177.0],PARAMETER['Scale_Factor',0.9996],PARAMETER['Latitude_Of_Origin',0.0],UNIT['Meter',1.0]] "Same as input"</Process></lineage></DataProperties></Esri></metadata>
