<?xml version="1.0" encoding="UTF-8"?>
<metadata xml:lang="en"><Esri><CreaDate>20200608</CreaDate><CreaTime>09071100</CreaTime><ArcGISFormat>1.0</ArcGISFormat><SyncOnce>TRUE</SyncOnce><DataProperties><lineage><Process ToolSource="c:\users\free\appdata\local\programs\arcgis\pro\Resources\ArcToolbox\toolboxes\Conversion Tools.tbx\FeatureClassToFeatureClass" Date="20200608" Time="090711">FeatureClassToFeatureClass "Survey Sites" "C:\Users\free\Dropbox (MPAMystery)\RICOTTA_GIS\oceans_program\dom\fiji_report\gis_r" gsr_survey_sites.shp # "Join_Count "Join_Count" true true false 10 Long 0 10,First,#,Survey Sites,fiji_survey19.Join_Count,-1,-1;TARGET_FID "TARGET_FID" true true false 10 Long 0 10,First,#,Survey Sites,fiji_survey19.TARGET_FID,-1,-1;Site "Site" true true false 254 Text 0 0,First,#,Survey Sites,fiji_survey19.Site,0,254;Qoliqoli_I "Qoliqoli_I" true true false 10 Long 0 10,First,#,Survey Sites,fiji_survey19.Qoliqoli_I,-1,-1;Place "Place" true true false 254 Text 0 0,First,#,Survey Sites,fiji_survey19.Place,0,254;Villages "Villages" true true false 254 Text 0 0,First,#,Survey Sites,fiji_survey19.Villages,0,254;District "District" true true false 254 Text 0 0,First,#,Survey Sites,fiji_survey19.District,0,254;Province "Province" true true false 10 Long 0 10,First,#,Survey Sites,fiji_survey19.Province,-1,-1;OBJECTID "OBJECTID" false true false 4 Long 0 9,First,#,Survey Sites,c20200603_GSR2019surveysites_XYTableToPoint.OBJECTID,-1,-1;Site_1 "Site" true true false 8000 Text 0 0,First,#,Survey Sites,c20200603_GSR2019surveysites_XYTableToPoint.Site,0,8000;Latitude "Latitude" true true false 8 Double 0 0,First,#,Survey Sites,c20200603_GSR2019surveysites_XYTableToPoint.Latitude,-1,-1;Longitude "Longitude" true true false 8 Double 0 0,First,#,Survey Sites,c20200603_GSR2019surveysites_XYTableToPoint.Longitude,-1,-1;Province_1 "Province" true true false 8000 Text 0 0,First,#,Survey Sites,c20200603_GSR2019surveysites_XYTableToPoint.Province,0,8000;Sub_group "Sub-group" true true false 8000 Text 0 0,First,#,Survey Sites,c20200603_GSR2019surveysites_XYTableToPoint.Sub_group,0,8000;District_1 "District" true true false 8000 Text 0 0,First,#,Survey Sites,c20200603_GSR2019surveysites_XYTableToPoint.District,0,8000;Historic_f "Historic fish" true true false 8000 Text 0 0,First,#,Survey Sites,c20200603_GSR2019surveysites_XYTableToPoint.Historic_fish,0,8000;Historic_b "Historic benthic" true true false 8000 Text 0 0,First,#,Survey Sites,c20200603_GSR2019surveysites_XYTableToPoint.Historic_benthic,0,8000;Past_data_ "Past data year" true true false 8000 Text 0 0,First,#,Survey Sites,c20200603_GSR2019surveysites_XYTableToPoint.Past_data_year,0,8000" #</Process><Process ToolSource="c:\users\free\appdata\local\programs\arcgis\pro\Resources\ArcToolbox\toolboxes\Data Management Tools.tbx\DeleteField" Date="20200608" Time="091042">DeleteField gsr_survey_sites Join_Count;TARGET_FID;OBJECTID;Site_1</Process><Process ToolSource="c:\users\free\appdata\local\programs\arcgis\pro\Resources\ArcToolbox\toolboxes\Data Management Tools.tbx\DeleteField" Date="20200608" Time="091057">DeleteField gsr_survey_sites District_1</Process></lineage></DataProperties></Esri></metadata>
